t_s,q_rad,v_rad_s,torque_nm
0.0,0.0,0.0,2.0
0.005,5e-05,0.01,2.0
0.01,0.00014992500000000003,0.019985000000000003,2.0
0.015,0.00029970011250000006,0.029955022500000004,2.0
0.02,0.00049925056233125,0.039910089966250006,2.0
0.025,0.0007485016864877532,0.04985022483130063,2.0
0.03,0.0010473789339580217,0.05977544949405368,2.0
0.035,0.0013958078655570848,0.0696857863198126,2.0
0.04,0.0017937141537587493,0.07958125764033289,2.0
0.045,0.0022410235825281112,0.08946188575387239,2.0
0.05,0.002737662047154319,0.09932769292524157,2.0
0.055,0.0032835555540835877,0.10917870138585371,2.0
0.06,0.0038786302207524624,0.11901493333377493,2.0
0.065,0.0045228122754213335,0.12883641093377426,2.0
0.07,0.005216028057008201,0.13864315631737362,2.0
0.075,0.005958204014922689,0.14843519158289756,2.0
0.08,0.006749266708900305,0.15821253879552322,2.0
0.085,0.007589142808836955,0.16797521998732992,2.0
0.09,0.0084777590946237,0.17772325715734894,2.0
0.095,0.009415042455981763,0.18745667227161292,2.0
0.1,0.010400919892297791,0.1971754872632055,2.0
0.105,0.011435318512459344,0.2068797240323107,2.0
0.11,0.012518165534690656,0.21656940444626224,2.0
0.115,0.01364938828638862,0.22624455033959284,2.0
0.12,0.014828914203959037,0.23590518351408346,2.0
0.125,0.016056670832653098,0.24555132573881233,2.0
0.13,0.01733258582640412,0.2551829987502041,2.0
0.135,0.018656586947664512,0.26480022425207883,2.0
0.14,0.020028602067243016,0.2744030239157007,2.0
0.145,0.02144855916414215,0.28399141937982714,2.0
0.15,0.022916386325395936,0.2935654322507574,2.0
0.155,0.024432011745907842,0.30312508410238126,2.0
0.16,0.02599536372828898,0.3126703964762277,2.0
0.165,0.02760637068269655,0.32220139088151334,2.0
0.17,0.029264961126672505,0.33171808879519105,2.0
0.17500000000000002,0.030971063684982494,0.34122051166199824,2.0
0.18,0.03272460708945502,0.35070868089450524,2.0
0.185,0.03452552017882084,0.36018261787316347,2.0
0.19,0.03637373189855261,0.3696423439463537,2.0
0.195,0.03826917130070478,0.3790878804304342,2.0
0.2,0.04021176754375372,0.38851924860978854,2.0
0.20500000000000002,0.042201449892438084,0.39793646973687385,2.0
0.21,0.04423814771759943,0.40733956503226854,2.0
0.215,0.04632179049602303,0.4167285556847201,2.0
0.22,0.048452307810279,0.42610346285119305,2.0
0.225,0.050629629348563576,0.43546430765691624,2.0
0.23,0.05285368490454073,0.4448111111954309,2.0
0.23500000000000001,0.05512440437718392,0.45414389452863774,2.0
0.24,0.05744171777061814,0.46346267868684476,2.0
0.245,0.05980555519396222,0.4727674846688145,2.0
0.25,0.06221584686117127,0.4820583334418113,2.0
0.255,0.06467252309087951,0.4913352459416486,2.0
0.26,0.06717551430624319,0.5005982430727361,2.0
0.265,0.06972475103478383,0.5098473457081271,2.0
0.27,0.07232016390823165,0.5190825746895649,2.0
0.275,0.0749616836623693,0.5283039508275306,2.0
0.28,0.07764924113687574,0.5375114949012892,2.0
0.28500000000000003,0.08038276727517042,0.5467052276589374,2.0
0.29,0.08316219312425767,0.555885169817449,2.0
0.295,0.08598744983457128,0.5650513420627228,2.0
0.3,0.08885846865981942,0.5742037650496287,2.0
0.305,0.09177518095682968,0.5833424594020542,2.0
0.31,0.09473751818539444,0.5924674457129511,2.0
0.315,0.09774541190811635,0.6015787445443816,2.0
0.32,0.10079879379025418,0.6106763764275651,2.0
0.325,0.10389759559956879,0.6197603618629237,2.0
0.33,0.10704174920616943,0.6288307213201293,2.0
0.335,0.11023118658236018,0.6378874752381491,2.0
0.34,0.11346583980248665,0.6469306440252919,2.0
0.34500000000000003,0.11674564104278291,0.6559602480592539,2.0
0.35000000000000003,0.12007052258121874,0.664976307687165,2.0
0.355,0.12344041679734691,0.6739788432256343,2.0
0.36,0.12685525617215088,0.6829678749607958,2.0
0.365,0.13031497328789265,0.6919434231483547,2.0
0.37,0.13381950082796082,0.7009055080136322,2.0
0.375,0.13736877157671887,0.7098541497516118,2.0
0.38,0.1409627184193538,0.7187893685269844,2.0
0.385,0.14460127434172476,0.7277111844741939,2.0
0.39,0.14828437243021217,0.7366196176974826,2.0
0.395,0.15201194587156686,0.7455146882709364,2.0
0.4,0.1557839279527595,0.7543964162385299,2.0
0.405,0.15960025206083037,0.7632648216141721,2.0
0.41000000000000003,0.16346085168273913,0.7721199243817508,2.0
0.41500000000000004,0.16736566040521503,0.7809617444951782,2.0
0.42,0.1713146119146072,0.7897903018784355,2.0
0.425,0.1753076399967353,0.7986056164256178,2.0
0.43,0.1793446785367402,0.8074077080009794,2.0
0.435,0.18342566151893508,0.8161965964389779,2.0
0.44,0.18755052302665667,0.8249723015443194,2.0
0.445,0.1917191972421167,0.833734843092003,2.0
0.45,0.1959316184462535,0.842484240827365,2.0
0.455,0.20018772101858412,0.8512205144661239,2.0
0.46,0.20448743943705625,0.8599436836944248,2.0
0.465,0.20883070827790065,0.8686537681688831,2.0
0.47000000000000003,0.2132174622154838,0.8773507875166298,2.0
0.47500000000000003,0.21764763602216056,0.8860347613353549,2.0
0.48,0.2221211645681273,0.8947057091933518,2.0
0.485,0.22663798282127512,0.9033636506295618,2.0
0.49,0.23119802584704321,0.9120086051536175,2.0
0.495,0.23580122880827264,0.920640592245887,2.0
0.5,0.24044752696506025,0.9292596313575182,2.0
0.505,0.24513685567461266,0.9378657419104819,2.0
0.51,0.24986915039110075,0.9464589432976162,2.0
0.515,0.2546443466655141,0.9550392548826697,2.0
0.52,0.2594623801455158,0.9636066960003458,2.0
0.525,0.2643231865752975,0.9721612859563452,2.0
0.53,0.26922670179543456,0.9807030440274107,2.0
0.535,0.2741728617427414,0.9892319894613696,2.0
0.54,0.2791616024501273,0.9977481414771775,2.0
0.545,0.2841928600464521,1.0062515192649617,2.0
0.55,0.28926657075638246,1.0147421419860643,2.0
0.555,0.2943826709002479,1.0232200287730853,2.0
0.56,0.2995410968938975,1.0316851987299256,2.0
0.5650000000000001,0.30474178524855666,1.0401376709318306,2.0
0.5700000000000001,0.30998467257068385,1.0485774644254329,2.0
0.5750000000000001,0.3152696955618278,1.0570045982287948,2.0
0.58,0.3205967910184851,1.0654190913314516,2.0
0.585,0.32596589583195734,1.0738209626944544,2.0
0.59,0.3313769469882094,1.0822102312504127,2.0
0.595,0.3368298815677271,1.090586915903537,2.0
0.6,0.3423246367453755,1.0989510355296819,2.0
0.605,0.34786114979025745,1.1073026089763873,2.0
0.61,0.3534393580655721,1.1156416550629227,2.0
0.615,0.3590591990284737,1.1239681925803282,2.0
0.62,0.364720610229931,1.1322822402914576,2.0
0.625,0.3704235293145861,1.1405838169310205,2.0
0.63,0.37616789402061424,1.148872941205624,2.0
0.635,0.38195364217958333,1.1571496317938155,2.0
0.64,0.38778071171631395,1.1654139073461247,2.0
0.645,0.39364904064873946,1.1736657864851054,2.0
0.65,0.3995585670877663,1.1819052878053777,2.0
0.655,0.40550922923713467,1.1901324298736697,2.0
0.66,0.41150096539327896,1.1983472312288592,2.0
0.665,0.41753371394518907,1.206549710382016,2.0
0.67,0.42360741337427127,1.2147398858164429,1.9453699228455168
0.675,0.429720636502281,1.2226446256019459,1.8115355013542978
0.68,0.43586997818313256,1.2298683361703144,1.6810863714867992
0.685,0.44205212301075003,1.236428965523493,1.5539672356656329
0.6900000000000001,0.4482638438020177,1.242344158253536,1.4301232697490516
0.6950000000000001,0.45450200009384223,1.247631258364901,1.309500128409793
0.7000000000000001,0.46076353665443925,1.2523073121194026,1.1920439501801408
0.705,0.46704548200894985,1.2563890709021241,1.0777013621714646
0.71,0.473344946979483,1.2598929941066284,0.9664194844763179
0.715,0.47965912323967225,1.26283525203785,0.8581459342611666
0.72,0.4859852818838277,1.265231728831099,0.752828829557509
0.725,0.4923207720107559,1.2670980253856399,0.6504167927591986
0.73,0.4986630193223127,1.2684494623113574,0.5508589538335382
0.735,0.505009524736748,1.2693010828870581,0.4541049532536343
0.74,0.511357863016893,1.2696676560289957,0.3601049446593505
0.745,0.5177056814132343,1.269563679268249,0.2688095972541058
0.75,0.5240506983219123,1.2690033817356172,0.18017009794460837
0.755,0.530390701957676,1.268000727152737,0.0941381532305181
0.76,0.5367235490418168,1.2665694168281605,0.010665990850887042
0.765,0.5430471635051027,1.2647228926571727,-0.07029363880586192
0.77,0.5493595352057236,1.2624743401241576,-0.14878746152181943
0.775,0.5556587186622554,1.2598366913063623,-0.22486167829280213
0.78,0.5619428318016451,1.2568226278779389,-0.29856196458852935
0.785,0.568210054722211,1.2534445841131794,-0.3699334698234713
0.79,0.5744586284716504,1.2497147498878922,-0.43902081703221185
0.795,0.5806868538400399,1.2456450736778992,-0.5058681027432872
0.8,0.5868930901678082,1.241247265553666,-0.5705188970455364
0.805,0.5930757541686588,1.2365328001701077,-0.6330162438411691
0.81,0.599233318767412,1.2315129197506467,-0.6934026612798032
0.8150000000000001,0.6053643119527351,1.2261986370646216,-0.7517201423678763
0.8200000000000001,0.611467315644721,1.2206007383971853,-0.8080101557479278
0.8250000000000001,0.6175409645772753,1.21472978651085,-0.8623136466423285
0.8300000000000001,0.6235839451952646,1.208596123597872,-0.9146710379561958
0.835,0.6295949945663781,1.202209874222694,-0.9651222315342727
0.84,0.6355728993076466,1.1955809482536888,-1.0137066095666896
0.845,0.641516494526564,1.1887190437834747,-1.0604630361386151
0.85,0.6474246627767496,1.1816336500371065,-1.1054298589189102
0.855,0.6532963330280869,1.1743340502674564,-1.1486449109829673
0.86,0.6591304796512726,1.1668293246371404,-1.1901455127650689
0.865,0.6649261214167044,1.1591283530863594,-1.2299684741356254
0.87,0.6706823205076347,1.1512398181860517,-1.2681500965988155
0.875,0.6763981815475135,1.1431722079757785,-1.3047261756061879
0.88,0.6820728506414424,1.1349338187857838,-1.3397320029819113
0.885,0.6877055144316558,1.1265327580426956,-1.3732023694554307
0.89,0.6932953991669476,1.1179769470583545,-1.4051715672973906
0.895,0.698841769785954,1.10927412380128,-1.435673393054766
0.9,0.7043439290142055,1.1004318456503042,-1.4647411503812187
0.905,0.7098012164748552,1.0914574921299227,-1.4924076529588213
0.91,0.7152130078129898,1.0823582676269337,-1.5187052275073016
0.915,0.7205787138334295,1.0731412040879567,-1.5436657168771433
0.92,0.7258977796519167,1.063813163697439,-1.5673204832228702
0.925,0.7311696838595956,1.0543808415357785,-1.5897004112529611
0.93,0.7363939377006816,1.0448507682172101,-1.6108359115529414
0.935,0.7415700842632172,1.0352293125071197,-1.6307569239782334
0.9400000000000001,0.7466976976828096,1.025522683918468,-1.6494929211134561
0.9450000000000001,0.7517763823592447,1.015736935287023,-1.667072911794933
0.9500000000000001,0.7568057721858703,1.0058779653251178,-1.6835254446932293
0.9550000000000001,0.7617855297916386,0.9959515211536639,-1.6988786119526313
0.96,0.7667153457956994,0.9859632008121703,-1.7131600528845574
0.965,0.7715949380744321,0.9759184557465292,-1.7263969577119225
0.97,0.7764240510408039,0.9658225932743498,-1.7386160713616112
0.975,0.7812024549359421,0.9556807790276303,-1.7498436973022238
0.98,0.785929945132805,0.9454980393725777,-1.7601057014243704
0.985,0.790606341451837,0.935279263806397,-1.7694275159608344
0.99,0.7952314874884914,0.9250292073308832,-1.7778341434439917
0.995,0.7998052499525047,0.9147524928026669,-1.785350160697957
1.0,0.8043275180188045,0.9044536132599731,-1.7919997228629678
1.0050000000000001,0.8087982026899334,0.8941369342257683,-1.7978065674496002
1.01,0.8132172361698693,0.8838066959871816,-1.8027940184204518
1.0150000000000001,0.8175845712491248,0.8734670158510986,-1.806984990297023
1.02,0.8219001807010039,0.8631218903758369,-1.81040199228954
1.025,0.826164056688898,0.8527751975788254,-1.813067132447554
1.03,0.8303762101844991,0.8424306991202194,-1.8150021218292265
1.035,0.8345366703968111,0.832092042462393,-1.8162282786871957
1.04,0.8386454842118375,0.8217627630052634,-1.8167665326690767
1.045,0.8427027156428245,0.8114462861974101,-1.8166374290306062
1.05,0.8467084452909394,0.8011459296229609,-1.8158611328595677
1.055,0.8506627698162605,0.7908649050642287,-1.8144574333086374
1.06,0.854565801418961,0.7806063205400892,-1.8124457478353868
1.065,0.8584176673305615,0.7703731823201021,-1.8098451264476831
1.07,0.8622185093151333,0.7601683969143835,-1.8066742559528253
1.075,0.8659684831803296,0.7499947730392479,-1.8029514642087578
1.08,0.8696677582981228,0.7398550235586452,-1.7986947243757956
1.085,0.8733165171351299,0.7297517674014282,-1.7939216591673102
1.09,0.8769149547924023,0.7196875314544895,-1.7886495450978837
1.095,0.8804632785545614,0.7096647524318184,-1.782895316727494
1.1,0.883961707448159,0.6996857787195332,-1.7766755709003088
1.105,0.8874104718091438,0.6897528721969524,-1.7700065709767618
1.11,0.8908098128593126,0.6798682100337731,-1.7629042510575736
1.115,0.8941599822916297,0.6700338864634345,-1.7553842201984495
1.12,0.8974612418642934,0.6602519145327471,-1.7474617666142298
1.125,0.9007138630034328,0.6505242278278769,-1.7391518618713069
1.1300000000000001,0.9039181264143167,0.6408526821767785,-1.730469165067145
1.135,0.9070743217009576,0.6312390573281776,-1.721428026995813
1.1400000000000001,0.9101827469939936,0.6216850586072064,-1.7120424942984411
1.145,0.9132437085867326,0.6121923185478033,-1.7023263135975828
1.1500000000000001,0.9162575205792426,0.6027623985019936,-1.6922929356144687
1.155,0.9192245045303734,0.5933967902261683,-1.6819555192682172
1.16,0.9221449891175959,0.584096917444488,-1.671326935756047
1.165,0.9250193098045436,0.574864137389541,-1.6604197726136196
1.17,0.9278478085161456,0.5656997423203886,-1.6492463377546587
1.175,0.9306308333212362,0.5566049610181347,-1.6378186634890106
1.18,0.933368738122532,0.5475809602591625,-1.6261485105183602
1.185,0.9360618823538629,0.5386288462661819,-1.6142473719088488
1.19,0.9387106306845491,0.5297496661372384,-1.6021264770398573
1.195,0.9413153527308132,0.5209444092528333,-1.5897967955282697
1.2,0.9438764227741198,0.5122140086613126,-1.5772690411275323
1.205,0.9463942194863332,0.503559342442683,-1.564553675600896
1.21,0.9488691256615882,0.49498123505101443,-1.5516609125681973
1.215,0.9513015279547662,0.4864804586355969,-1.538600721325635
1.22,0.9536918166264713,0.47805773434101534,-1.5253828306379567
1.225,0.9560403852944028,0.469713733586314,-1.5120167325025413
1.23,0.9583476306910199,0.46144907932342183,-1.498511685884882
1.235,0.960613952427395,0.4532643472750123,-1.4848767204249742
1.24,0.9628397527631549,0.4451600671519749,-1.4711206401141719
1.245,0.9650254363824083,0.4371367238506761,-1.4572520269420817
1.25,0.9671714101755593,0.4291947586301897,-1.4432792445130898
1.2550000000000001,0.9692780830269077,0.42133457026967897,-1.4292104416321374
1.26,0.9713458656079382,0.4135565162061138,-1.4150535558593942
1.2650000000000001,0.9733751701762008,0.40586091365250765,-1.4008163170334824
1.27,0.9753664103796851,0.3982480406968615,-1.386506250762947
1.2750000000000001,0.9773200010665951,0.39071813738200145,-1.3721306818856798
1.28,0.9792363581004276,0.38327140676650007,-1.357696737896
1.285,0.981115898180262,0.3759080159668703,-1.3432113523391767
1.29,0.9829590386661682,0.3686280971812241,-1.3286812681731215
1.295,0.9847661974096411,0.3614317486945866,-1.3141130410970565
1.3,0.9865377925889715,0.35431903586605945,-1.2995130428469583
1.305,0.9882742425494616,0.3472899920980256,-1.2848874644575874
1.31,0.9899759656483995,0.3403446197875906,-1.2702423194909518
1.315,0.9916433801047018,0.3334828912604545,-1.2555834472310652
1.32,0.9932769038531388,0.3267047496874085,-1.2409165158448445
1.325,0.9948769544030571,0.32001010998365315,-1.2262470255090663
1.33,0.9964439487015128,0.31339885969113235,-1.2115803115032622
1.335,0.9979783030007332,0.30687085984407936,-1.196921547268486
1.34,0.999480432729823,0.30042594581797083,-1.1822757474318681
1.345,1.0009507523706334,0.29406392816208454,-1.1676477707969286
1.35,1.0023896753377126,0.28778459341585677,-1.1530423232995846
1.355,1.0037976138622589,0.28158770490923507,-1.1384639609298393
1.36,1.005174978879995,0.27547300354722204,-1.1239170926191404
1.365,1.0065221799228892,0.2694402085788055,-1.1094059830934047
1.37,1.0078396250146415,0.2634890183504703,-1.0949347556917237
1.375,1.0091277205698639,0.257619111044486,-1.0805073951507729
1.3800000000000001,1.0103868712968747,0.25183014540216536,-1.0661277503549589
1.385,1.011617480104036,0.2461217614322873,-1.0517995370523543
1.3900000000000001,1.0128199480095605,0.24049358110487712,-1.0375263405364756
1.395,1.0139946740547132,0.23494520903053742,-1.0233116182939748
1.4000000000000001,1.0151420552203407,0.22947623312552173,-1.0091587026183275
1.405,1.0162624863466545,0.2240862252627418,-0.9950708031896014
1.41,1.017356360056199,0.21877474190889967,-0.9810510096203846
1.415,1.0184240666799387,0.2135413247479344,-0.9671022939680266
1.42,1.0194659941863935,0.20838550129097239,-0.9532275132132596
1.425,1.0204825281137584,0.20330678547296963,-0.9394294117053563
1.43,1.0214740515049396,0.19830467823623338,-0.9257106235739375
1.435,1.0224409448454448,0.19337866810100934,-0.9120736751075846
1.44,1.0233835860040614,0.1885282317233199,-0.8985209870993954
1.445,1.0243023501762627,0.18375283444023793,-0.8850548771596493
1.45,1.0251976098302766,0.17905193080277934,-0.8716775619957261
1.455,1.0260697346557597,0.17442496509659655,-0.8583911596594733
1.46,1.026919091515013,0.1698713718506543,-0.8451976917621739
1.465,1.0277460443966833,0.16539057633406745,-0.8320990856573101
1.47,1.0285509543718896,0.1609819950412798,-0.8190971765913232
1.475,1.0293341795527184,0.15664503616576125,-0.8061937098225279
1.48,1.0300960750530304,0.15237910006239996,-0.7933903427084115
1.485,1.0308369929515242,0.1481835796987643,-0.7806886467615295
1.49,1.0315572822570012,0.14405786109540852,-0.7680901096741661
1.495,1.0322572888757782,0.1400013237553946,-0.7555961373120301
1.5,1.0329373555811943,0.13601334108320134,-0.743208055677152
1.5050000000000001,1.0335978219851603,0.13209328079319077,-0.7309271128402477
1.51,1.0342390245116992,0.12824050530779973,-0.7187544808427593
1.5150000000000001,1.0348612963724273,0.12445437214562424,-0.7066912575688037
1.52,1.0354649675439251,0.12073423429956179,-0.6947384685872731
1.5250000000000001,1.036050364746951,0.11707944060517608,-0.6828970689643117
1.53,1.0366178114274482,0.11348933609944677,-0.6711679450464405
1.5350000000000001,1.0371676277392985,0.10996326237006539,-0.6595519162145422
1.54,1.0377001305287756,0.10650055789543758,-0.6480497366089852
1.545,1.0382156333206534,0.1031005583755495,-0.6366620968261135
1.55,1.0387144463059226,0.09976259705385561,-0.625389625586376
1.555,1.0391968763310744,0.09648600503034295,-0.6142328913743504
1.56,1.0396632268889041,0.09327011156592568,-0.6031924040509006
1.565,1.0401137981107957,0.09011424437832229,-0.5922686164377622
1.57,1.0405488867604435,0.087017729929566,-0.5814619258747982
1.575,1.04096878622897,0.08397989370529765,-0.5707726757501914
1.58,1.0413737865314,0.08100006048598875,-0.5602011570038437
1.585,1.041764174304451,0.07807755461024055,-0.5497476096042613
1.59,1.0421402328056024,0.07521170023030388,-0.5394122239991759
1.595,1.0425022419134022,0.07240182155996254,-0.529195142540193
1.6,1.042850478128977,0.06964724311492163,-0.5190964608817217
1.605,1.0431852145787062,0.06694728994584064,-0.509116229354478
1.61,1.0435067210180269,0.06430128786414949,-0.49925445431382315
1.615,1.0438152638363307,0.061708563660784144,-0.48951109946321913
1.62,1.0441111060629207,0.059168445317976874,-0.4798860871530733
1.625,1.0443945073739918,0.05668026221423454,-0.4703792996552363
1.6300000000000001,1.044665724100605,0.054243345322637006,-0.46099058041347496
1.635,1.0449250092376179,0.05185702740258567,-0.45171973527012566
1.6400000000000001,1.0451726124535436,0.049520643185131163,-0.44256653366928167
1.645,1.0454087801013037,0.04723352955200706,-0.4335307098367235
1.6500000000000001,1.0456337552298463,0.04499502570849544,-0.4246119639369319
1.655,1.0458477775965975,0.042804473350248035,-0.4158099632073999
1.6600000000000001,1.0460510836807184,0.040661216824185664,-0.4071243430705743
1.665,1.0462439066971363,0.03856460328359652,-0.3985547082236682
1.67,1.046426476611324,0.036513982837552784,-0.39010063370663617
1.675,1.0465990201547979,0.034508708694763274,-0.3817616659485766
1.68,1.0467617608413078,0.032548137301978246,-0.37353732379285093
1.685,1.046914918983693,0.030631628477061024,-0.36542709950118557
1.69,1.0470587117113772,0.028758545536839503,-0.3574304597370307
1.695,1.0471933529884765,0.02692825541984909,-0.34954684652844625
1.7,1.0473190536324968,0.025140128804077087,-0.3417756782107887
1.705,1.0474360213335958,0.02339354021981703,-0.33411635034948484
1.71,1.0475444606743844,0.02168786815773988,-0.32656823664312784
1.715,1.047644573150246,0.02002249517228763,-0.3191306898072033
1.72,1.0477365571901485,0.01839680798049318,-0.31180304243867984
1.725,1.0478206081779302,0.01681019755632904,-0.30458460786176156
1.73,1.0478969184740337,0.01526205922068574,-0.2974746809550375
1.735,1.047965677437669,0.013751792727079524,-0.29047253896032077
1.74,1.0480270714493851,0.0122788023431873,-0.28357744227341125
1.745,1.0480812839340266,0.010842496928305462,-0.27678863521706376
1.75,1.0481284953840606,0.009442290006827685,-0.2701053467964232
1.7550000000000001,1.0481688833832499,0.008077599837835327,-0.2635267914371622
1.76,1.0482026226306544,0.0067478494808927625,-0.25705216970659306
1.7650000000000001,1.0482298849649452,0.005452466858138458,-0.2506806690180179
1.77,1.048250839389009,0.004190884812761161,-0.24441146431855687
1.7750000000000001,1.0482656520948288,0.0029625411639492352,-0.23824371876069733
1.78,1.0482744864886209,0.0017668787583998246,-0.23217658435784633
1.7850000000000001,1.0482775032162133,0.0006033455184729932,-0.226209202624088
1.79,1.0482748601886487,-0.0005286055129251565,-0.22034070519843865
1.795,1.0482667126079954,-0.001629516130647962,-0.21457021445380958
1.8,1.0482532129933517,-0.002699922928721038,-0.20889684409093906
1.805,1.0482345112070277,-0.0037403572647826517,-0.20331969971752573
1.81,1.0482107544808903,-0.004751345227473107,-0.19783787941280223
1.815,1.048182087442857,-0.005733407606695908,-0.19245047427778825
1.82,1.0481486521435235,-0.006687059866674805,-0.1871565689714507
1.825,1.048110588082915,-0.007612812121732046,-0.18195524223302834
1.83,1.0480680322373412,-0.00851116911471459,-0.17684556739070126
1.835,1.0480211190863513,-0.009382630197996024,-0.17182661285690087
1.84,1.0479699806397664,-0.010227689316983535,-0.16689744261041295
1.845,1.0479147464647862,-0.011046834996060123,-0.1620571166655658
1.85,1.0478555437131518,-0.011840550326893863,-0.15730469152867604
1.855,1.0477924971483565,-0.012609312959046902,-0.15263922064200053
1.86,1.0477257291728925,-0.013353595092818334,-0.14805975481540562
1.865,1.0476553598555212,-0.014073863474256135,-0.14356534264594734
1.87,1.04758150695856,-0.014770579392274488,-0.13915503092562814
1.875,1.0475042859651709,-0.015444198677814217,-0.13482786503746877
1.8800000000000001,1.047423810106646,-0.01609517170498484,-0.13058288934017975
1.885,1.0473401903896753,-0.016723943394128263,-0.12641914754158182
1.8900000000000001,1.0472535356235915,-0.01733095321674498,-0.12233568306101214
1.895,1.0471639524475804,-0.01791663520222492,-0.11833153938090743
1.9000000000000001,1.0470715453578487,-0.01848141794632612,-0.11440576038775023
1.905,1.046976416734742,-0.019025724621345382,-0.11055739070262086
1.9100000000000001,1.0468786668698022,-0.01954997298792647,-0.10678547600149503
1.915,1.04677839399276,-0.020054575408452055,-0.10308906332552012
1.92,1.04667569429845,-0.020539938861966978,-0.0994672013814416
1.925,1.0465706619736472,-0.021006464960581235,-0.09591894083238334
1.93,1.0464633892238107,-0.02145454996730228,-0.09244333457914813
1.935,1.0463539662997343,-0.021884584815247066,-0.08903943803225262
1.94,1.0462424815240934,-0.02229695512818546,-0.08570630937484919
1.945,1.0461290213178815,-0.022692041242367428,-0.08244300981672564
1.95,1.0460136702267335,-0.023070218229587505,-0.07924860383957158
1.955,1.0458965109471263,-0.02343185592144098,-0.07612215943367795
1.96,1.0457776243524526,-0.023777318934727208,-0.07306274832622975
1.965,1.0456570895189627,-0.024106966697956266,-0.07006944620139727
1.97,1.0455349837515682,-0.024421153478916317,-0.06714133291235508
1.975,1.045411382609502,-0.02472022841325972,-0.06427749268542512
1.98,1.0452863599318316,-0.025004535534066955,-0.06147701431649297
1.985,1.04515998786282,-0.02527441380234832,-0.058738991359874454
1.99,1.0450323368771277,-0.025530197138444167,-0.056062522309766216
1.995,1.0449034758048563,-0.025772214454285333,-0.05344671077447413
2.0,1.0447734718564239,-0.026000789686476275,-0.05089066564353803
2.005,1.044642390647273,-0.02621624183016425,-0.04839350124794212
2.0100000000000002,1.0445102962224047,-0.026418884973658716,-0.0459543375135292
2.015,1.0443772510807359,-0.026609028333765876,-0.04357230010780039
2.02,1.0442433161992768,-0.02678697629180423,-0.04124652058021061
2.025,1.0441085510571255,-0.02695302843026758,-0.03897613649615267
2.0300000000000002,1.043973013659275,-0.02710747957010294,-0.03676029156471902
2.035,1.0438367605602323,-0.02725061980857138,-0.03459813576042908
2.04,1.043699846887444,-0.02738273455766067,-0.03248882543903059
2.045,1.043562326364529,-0.027504104583019332,-0.03043152344752839
2.05,1.0434242513343122,-0.027615006043382444,-0.028425399228565573
2.055,1.04328567278166,-0.027715710530460198,-0.026469628919296995
2.06,1.0431466403561136,-0.02780648510926099,-0.024563395444872793
2.065,1.0430072023943195,-0.027887592358821465,-0.022705888606691454
2.07,1.042867405942253,-0.02795929041331669,-0.020896305165499063
2.075,1.0427272967772352,-0.02802183300352421,-0.019133848919515084
2.08,1.0425869194297421,-0.0280754694986165,-0.017417730777667284
2.085,1.042446317205001,-0.028120444948256912,-0.015747168828065372
2.09,1.042305532204376,-0.028157000124974855,-0.014121388401845597
2.095,1.0421646053465419,-0.02818537156679662,-0.012539622132500788
2.1,1.0420235763884413,-0.02820579162010893,-0.011001110010787268
2.105,1.0418824839460277,-0.028218488482732704,-0.009505099435346415
2.11,1.0417413655147918,-0.028223686247185336,-0.00805084525915245
2.115,1.0416002574900713,-0.02822160494411032,-0.0066376098318767784
2.12,1.0414591951871421,-0.028212460585853538,-0.005264663038293038
2.125,1.0413182128610914,-0.02819646521016622,-0.003931282332826691
2.13,1.0411773437264713,-0.028173826924015107,-0.0026367527703414773
2.1350000000000002,1.0410366199767338,-0.028144749947480792,-0.0013803670332819817
2.14,1.040896072803445,-0.02810943465772598,-0.00016142545526043328
2.145,1.04075573241528,-0.028068077633015692,0.0010207639588125095
2.15,1.0406156280567962,-0.028020871696772105,0.0021668855159572287
2.1550000000000002,1.040475788026988,-0.027968005961647162,0.0032776158216000773
2.16,1.04033623969762,-0.02790966587359669,0.004353623769233234
2.165,1.0401970095313402,-0.02784603325594013,0.005395570533142324
2.17,1.0400581230995734,-0.027777286353390506,0.006404109564122684
2.1750000000000003,1.039919605100193,-0.027703599876039806,0.0073798865880986
2.18,1.0397814793749767,-0.027625145043285254,0.00832353960753468
2.185,1.0396437689268383,-0.02754208962768265,0.009235698905596251
2.19,1.0395064959368447,-0.027454597998713148,0.010116987052939175
2.195,1.0393696817810125,-0.027362831166450382,0.01096801891705787
2.2,1.0392333470468869,-0.027266946825115417,0.011789401674120958
2.205,1.0390975115499044,-0.02716709939650714,0.01258173482319297
2.21,1.038962194349538,-0.027063440073296415,0.013345610202800479
2.215,1.0388274137652271,-0.026956116862172468,0.014081612009725408
2.22,1.038693187392093,-0.026845274626830583,0.014790316819977722
2.225,1.0385595321164391,-0.026731055130790448,0.015472293611870525
2.23,1.038426464131039,-0.02661359708003491,0.016128103791118703
2.235,1.0382939989502118,-0.026493036165459262,0.01675830121789601
2.24,1.0381621514246862,-0.026369505105121593,0.017363432235786513
2.245,1.0380309357562547,-0.02624313368628498,0.01794403570254474
2.25,1.0379003655122185,-0.02611404880724283,0.018500643022626273
2.255,1.037770453639624,-0.025982374518918834,0.019033778181403282
2.2600000000000002,1.0376412124792929,-0.02584823206623344,0.01954395778100243
2.265,1.0375126537796466,-0.02571173992922908,0.020031691077722985
2.27,1.037384788710327,-0.02557301386394662,0.020497480020937264
2.275,1.0372576278756116,-0.025432166943046015,0.02094181929346639
2.2800000000000002,1.0371311813276307,-0.025289309596164114,0.02136519635331649
2.285,1.0370054585793806,-0.025144549650003286,0.021768091476764978
2.29,1.03688046861754,-0.024997992368144456,0.022150977802713023
2.295,1.036756219915087,-0.024849740490578674,0.022514321378262453
2.3000000000000003,1.0366327204437222,-0.024699894272951495,0.02285858120546186
2.305,1.0365099776860947,-0.02454855152551476,0.023184209289160845
2.31,1.0363879986478357,-0.024395807651780684,0.023491650685942833
2.315,1.0362667898694014,-0.024241755686873298,0.02378134355406017
2.32,1.0361463574377234,-0.02408648633557269,0.024053719204348734
2.325,1.0360267069976732,-0.023930088010047586,0.024309202152048542
2.33,1.0359078437633369,-0.023772646867272273,0.024548210169510698
2.335,1.0357897725291063,-0.023614246846123812,0.024771154339727014
2.34,1.0356724976805856,-0.02345496970415599,0.024978439110640432
2.345,1.0355560232053154,-0.023294895054046555,0.02517046235020054
2.35,1.0354403527033167,-0.02313410039971448,0.025347615402120605
2.355,1.0353254893974562,-0.02297266117210431,0.025510283142278822
2.36,1.035211436143633,-0.022810650764634757,0.02565884403575805
2.365,1.0350981954407916,-0.022648140568309015,0.025793670194451224
2.37,1.0349857694407592,-0.022485200006484296,0.025915127435207297
2.375,1.0348741599579128,-0.022321896569298533,0.026023575338476657
2.38,1.034763368478674,-0.022158295847752203,0.026119367307447128
2.3850000000000002,1.0346533961708366,-0.02199446156744334,0.02620285062757352
2.39,1.0345442438927268,-0.021830455621954306,0.02627436652654183
2.395,1.0344359122021973,-0.021666338105888666,0.026334250234575807
2.4,1.0343284013654594,-0.021502167347556955,0.026382831045082378
2.4050000000000002,1.0342217113657528,-0.021337999941310207,0.026420432375593134
2.41,1.0341158419118552,-0.021173890779520275,0.026447371828977495
2.415,1.0340107924464341,-0.02100989308420611,0.026463961254901636
2.42,1.0339065621542427,-0.020846058438305292,0.026470506811474614
2.4250000000000003,1.0338031499701597,-0.02068243681659046,0.026467309027111252
2.43,1.0337005545870785,-0.02051907661623002,0.026454662862504696
2.435,1.0335987744636437,-0.02035602468699315,0.026432857772768506
2.44,1.0334978078318382,-0.02019332636109882,0.026402177769653368
2.445,1.0333976527044246,-0.020031025482708905,0.026362901483842488
2.45,1.0332983068822392,-0.01986916443706563,0.026315302227304493
2.455,1.033199767961343,-0.019707784179273508,0.026259648055665497
2.46,1.0331020333400294,-0.01954692426272627,0.026196201830598634
2.465,1.0330051002256935,-0.01938662286717919,0.026125221282176578
2.47,1.032908965641561,-0.019226916826467537,0.02604695907119349
2.475,1.0328136264332817,-0.01906784165587187,0.025961662851424594
2.48,1.032719079275386,-0.01890943157913094,0.025869575331802425
2.485,1.0326253206776104,-0.01875171955510323,0.0257709343384937
2.49,1.03253234699109,-0.018594737304078107,0.025665972876845633
2.495,1.0324401544144215,-0.018438515333737762,0.02555491919321265
2.5,1.0323487389995976,-0.018283082964771092,0.025437996836603693
2.505,1.0322580966578168,-0.018128468356140917,0.025315424720159102
2.5100000000000002,1.0321682231651668,-0.01797469853000591,0.02518741718244566
2.515,1.0320791141681853,-0.017821799396298674,0.025054184048541678
2.52,1.0319907651893006,-0.017669795776961518,0.02491593069088903
2.525,1.0319031716321514,-0.01751871142984163,0.02477285808991317
2.5300000000000002,1.03181632878679,-0.017368569072247302,0.02462516289439237
2.535,1.0317302318347692,-0.01721939040416697,0.024473037481549165
2.54,1.0316448758541135,-0.01707119613115297,0.024316670016874598
2.545,1.0315602558241792,-0.016924005986871868,0.02415624451365253
2.5500000000000003,1.0314763666304025,-0.016777838755323297,0.02399194089217968
2.555,1.031393203068939,-0.016632712292729415,0.023823935038654237
2.56,1.0313107598511935,-0.01648864354909705,0.023652398863764676
2.565,1.0312290316082462,-0.01634564858945458,0.023477500360901363
2.57,1.0311480128951724,-0.01620374261476589,0.023299403664045884
2.575,1.0310676981952598,-0.016062939982523512,0.0231182691052889
2.58,1.0309880819241246,-0.015923254227023283,0.022934253271967825
2.585,1.030909158433728,-0.01578469807932291,0.02274750906343695
2.59,1.0308309220162934,-0.01564728348688674,0.022558185747446752
2.595,1.0307533669081288,-0.015511021632919177,0.0223664290161132
2.6,1.0306764872933518,-0.015375922955389231,0.022172381041498185
2.605,1.0306002773075231,-0.015241997165748656,0.021976180530763292
2.61,1.0305247310411865,-0.015109253267346218,0.02177796278091143
2.615,1.0304498425433188,-0.014977699573540641,0.021577859733093716
2.62,1.0303756058246913,-0.01484734372551486,0.021376000026485126
2.625,1.0303020148611424,-0.014718192709794162,0.021172509051721716
2.63,1.030229063596765,-0.014590252875470862,0.02096750900388407
2.6350000000000002,1.0301567459470093,-0.014463529951138235,0.020761118935039014
2.64,1.0300850558017016,-0.014338029061536332,0.020553454806317137
2.645,1.030013987027982,-0.014213754743912442,0.0203446295395268
2.65,1.0299435334731615,-0.014090710964098939,0.02013475306831221
2.6550000000000002,1.0298736889675,-0.01396890113231123,0.01992393238881994
2.66,1.0298044473269066,-0.013848328118668663,0.019712271609920964
2.665,1.0297358023555643,-0.013728994268441055,0.019499872002920665
2.67,1.0296677478484793,-0.01361090141702379,0.01928683205080786
2.6750000000000003,1.0296002775939561,-0.013494050904644216,0.019073247497021537
2.68,1.029533385376002,-0.013378443590802142,0.01885921139371441
2.685,1.0294670649766597,-0.013264079868447366,0.01864481414952919
2.69,1.0294013101782702,-0.01315095967789705,0.018430143576894695
2.695,1.0293361147656677,-0.01303908252049573,0.018215284938813817
2.7,1.0292714725283076,-0.012928447472020918,0.018000320995159164
2.705,1.0292073772623285,-0.01281905319583709,0.01778533204847635
2.71,1.0291438227725496,-0.012710897955800953,0.017570395989271057
2.715,1.029080802874405,-0.012603979628920896,0.017355588340816422
2.72,1.029018311395816,-0.012498295717773432,0.017140982303438454
2.725,1.0289563421790027,-0.01239384336267958,0.0169266487983087
2.73,1.0288948890822345,-0.012290619353644018,0.016712656510741733
2.735,1.0288339459815241,-0.012188620142059844,0.016499071932972037
2.74,1.0287735067722632,-0.012087841852181893,0.016285959406433598
2.745,1.0287135653708013,-0.011988280292371452,0.016073381163545744
2.75,1.0286541157159708,-0.011889930966115167,0.01586139736897682
2.755,1.0285951517705567,-0.01179278908282111,0.015650066160426093
2.7600000000000002,1.0285366675227148,-0.011696849568394748,0.015439443688884613
2.765,1.0284786569873368,-0.011602107075597733,0.01522958415840403
2.77,1.0284211142073658,-0.011508555994192317,0.015020539865359298
2.775,1.0283640332550614,-0.011416190460874233,0.014812361237219754
2.7800000000000002,1.0283074082332164,-0.011325004368996822,0.014605096870811018
2.785,1.028251233276326,-0.011234991378089271,0.014398793570085
2.79,1.0281955025517102,-0.011146144923171713,0.014193496383398951
2.795,1.0281402102605908,-0.011058458223869961,0.013989248640287777
2.8000000000000003,1.028085350639124,-0.010971924293332717,0.013786091987748633
2.805,1.0280309179593894,-0.010886535946953975,0.013584066426043664
2.81,1.0279769065303348,-0.010802285810903325,0.013383210344006496
2.815,1.0279233106986825,-0.010719166330466937,0.013183560553851642
2.82,1.0278701248497915,-0.010637169778201979,0.012985152325522456
2.825,1.0278173434084819,-0.010556288261907064,0.012788019420536964
2.83,1.0277649608398198,-0.010476513732411518,0.01259219412535964
2.835,1.0277129716498639,-0.010397837991186104,0.01239770728430542
2.84,1.027661370386375,-0.010320252697777798,0.01220458833194886
2.845,1.0276101516394898,-0.010243749377071386,0.012012865325085317
2.85,1.027559310042358,-0.010168319426380353,0.011822564974201845
2.855,1.027508840271746,-0.010093954122369773,0.011633712674493056
2.86,1.027458737048607,-0.010020644627813753,0.011446332536409268
2.865,1.027408995138616,-0.009948381998189986,0.011260447415749747
2.87,1.0273596093526756,-0.009877157188113952,0.01107607894328791
2.875,1.0273105745473874,-0.009806961057615343,0.010893247553959269
2.88,1.027261885625496,-0.009737784378259123,0.010711972515573792
2.8850000000000002,1.0272135375363005,-0.009669617839113865,0.010532271957104503
2.89,1.0271655252760377,-0.009602452052569672,0.010354162896524237
2.895,1.0271178438882376,-0.009536277560008195,0.01017766126819207
2.9,1.027070488464051,-0.009471084837327223,0.010002781949811725
2.9050000000000002,1.0270234541425494,-0.009406864300322173,0.00982953878895522
2.91,1.0269767361109998,-0.009343606309926913,0.009657944629156312
2.915,1.0269303296051133,-0.00928130117731624,0.009488011335573997
2.92,1.0268842299092689,-0.009219939168872395,0.009319749820236901
2.9250000000000003,1.0268384323567137,-0.009159510511017903,0.009153170066858604
2.93,1.0267929323297391,-0.009100005394917083,0.008988281155251958
2.935,1.0267477252598338,-0.009041413981048447,0.008825091285328171
2.94,1.0267028066278157,-0.008983726403650234,0.008663607800673226
2.945,1.0266581719639405,-0.008926932775041392,0.00850383721174404
2.95,1.0266138168479915,-0.00887102318982011,0.008345785218640878
2.955,1.0265697369093467,-0.008815987728942175,0.008189456733502312
2.96,1.0265259278270282,-0.00876181646368125,0.008034855902492047
2.965,1.026482385329731,-0.008708499459473268,0.007881986127406676
2.97,1.0264391051958326,-0.008656026779647025,0.007730850086905605
2.975,1.0263960832533874,-0.008604388489043026,0.007581449757337197
2.98,1.0263533153800997,-0.008553574657522775,0.007433786433217182
2.985,1.0263107975032828,-0.008503575363370406,0.007287860747307105
2.99,1.0262685255997999,-0.008454380696588815,0.0071436726903485945
2.995,1.0262264956959894,-0.008405980762092188,0.007001221630415694
3.0,1.0261847038675755,-0.008358365682796971,0.006860506331915359
3.005,1.0261431462395625,-0.008311525602613199,0.006721524974230363
3.0100000000000002,1.0261018189861157,-0.008265450689338127,0.00658427517000551
3.015,1.0260607183304284,-0.008220131137454092,0.006448753983089507
3.02,1.0260198405445742,-0.008175557170832463,0.006314957946136478
3.025,1.0259791819493476,-0.008131719045345532,0.0061828830778538
3.0300000000000002,1.0259387389140906,-0.008088607051388245,0.006052524899939696
3.035,1.025898507856509,-0.008046211516311465,0.005923878453653678
3.04,1.0258584852424752,-0.00800452280676873,0.005796938316088518
3.045,1.0258186675858203,-0.007963531330978135,0.005671698616107751
3.0500000000000003,1.0257790514481158,-0.00792322754090113,0.005548153049955956
3.055,1.025739633438444,-0.007883601934339998,0.005426294896566958
3.06,1.0257004102131593,-0.007844645056955653,0.005306117032554888
3.065,1.0256613784756383,-0.007806347504207445,0.00518761194688816
3.0700000000000003,1.0256225349760222,-0.007768699923216693,0.005070771755281395
3.075,1.0255838765109495,-0.0077316930145554606,0.004955588214257789
3.08,1.0255453999232798,-0.007695317533962338,0.004842052734949545
3.085,1.0255071021018098,-0.0076595642939866464,0.004730156396577798
3.09,1.025468979980982,-0.007624424165562777,0.004619889959660957
3.095,1.0254310305405845,-0.007589888079516128,0.004511243878929011
3.1,1.0253932508054444,-0.007555947028002209,0.00440420831597782
3.105,1.025355637845115,-0.007522592065880317,0.004298773151615323
3.11,1.0253181887735547,-0.007489814312023419,0.004194927997966454
3.115,1.025280900748802,-0.007457604950565552,0.004092662210287659
3.12,1.0252437709726414,-0.007425955232088266,0.00399196489853991
3.125,1.0252067966902676,-0.007394856474747434,0.0038928249386706165
3.13,1.0251699751899408,-0.00736430006534196,0.0037952309836677828
3.1350000000000002,1.0251333038026391,-0.0073342774603256085,0.0036991714743437737
3.14,1.0250967799017052,-0.007304780186763401,0.003604634649878695
3.145,1.025060400902489,-0.007275799843233862,0.003511608558110224
3.15,1.0250241642619857,-0.00724732810067846,0.0034200810655915376
3.1550000000000002,1.0249880674784697,-0.007219356703199485,0.003330039867404516
3.16,1.0249521080911257,-0.007191877468807664,0.003241472496735398
3.165,1.024916283679675,-0.0071648822901207755,0.003154366334231294
3.17,1.024880591864,-0.007138363135014438,0.0030687086171129127
3.1750000000000003,1.024845030303764,-0.007112312047226352,0.0029844864480866873
3.18,1.0248095966980293,-0.007086721146915079,0.002901686804012968
3.185,1.0247742887848734,-0.0070615826311746415,0.002820296544366774
3.19,1.0247391043410008,-0.007036888774506046,0.002740302419497201
3.1950000000000003,1.0247040411813546,-0.007012631929246801,0.002661691078653605
3.2,1.024669097158725,-0.0069888045259596625,0.002584449077831681
3.205,1.024634270163356,-0.006965399073781565,0.002508562887399028
3.21,1.0245995581225522,-0.006942408160733897,0.00243401889952187
3.215,1.0245649590002823,-0.006919824453995187,0.0023608034354021395
3.22,1.0245304707967817,-0.0068976407001371835,0.0022889027523281397
3.225,1.0244960915481551,-0.006875849725325337,0.0022183030505194615
3.23,1.0244618193259778,-0.006854444435484752,0.00214899047979375
3.235,1.0244276522368956,-0.006833417816432556,0.002080951146058087
3.24,1.0243935884222257,-0.006812762933977617,0.0020141711176017082
3.245,1.0243596260575558,-0.0067924729339886416,0.0019486364312352317
3.25,1.0243257633523437,-0.006772541042431483,0.001884333098239134
3.255,1.024291998549517,-0.00675296056537664,0.0018212471101484926
3.2600000000000002,1.024258329925072,-0.006733724888977833,0.0017593644443721426
3.265,1.024224755787675,-0.006714827479422506,0.0016986710696407642
3.27,1.0241912744782606,-0.006696261882855168,0.0016391529512999048
3.275,1.0241578843696342,-0.006678021725274386,0.0015807960564459128
3.2800000000000002,1.0241245838660722,-0.0066601007124042445,0.0015235863588953513
3.285,1.0240913714029245,-0.006642492629541161,0.0014675098440214487
3.29,1.0240582454462177,-0.006625191341376742,0.001412552513419249
3.295,1.0240252044922586,-0.0066081907917975805,0.0013587003894441063
3.3000000000000003,1.0239922470672402,-0.006591485003662663,0.0013059395195843676
3.305,1.0239593717268474,-0.0065750680785592475,0.0012542559807128123
3.31,1.0239265770558648,-0.006558934196537845,0.0012036358831887597
3.315,1.0238938616677857,-0.006543077615827095,0.0011540653748329938
3.3200000000000003,1.0238612242044232,-0.006527492672529189,0.0011055306447582333
3.325,1.0238286633355216,-0.006512173780296604,0.0010580179270775342
3.33,1.0237961777583717,-0.006497115429990772,0.0010115135044727608
3.335,1.023763766197425,-0.006482312189323422,0.0009660037116671905
3.34,1.0237314274039127,-0.006467758702481101,0.0009214749387332355
3.345,1.023699160155464,-0.006453449689733713,0.0008779136343194244
3.35,1.0236669632557287,-0.006439379947027515,0.0008353063087311249
3.355,1.0236348355340008,-0.006425544345563318,0.0007936395369122079
3.36,1.023602775844844,-0.0064119378313604114,0.0007528999613060569
3.365,1.02357078306772,-0.006398555424806841,0.0007130742946135499
3.37,1.0235388561066192,-0.0063853922201965625,0.0006741493224335857
3.375,1.023506993889693,-0.0063724433852541,0.0006361119058040238
3.38,1.0234751953688899,-0.0063597041606471985,0.000598948983635196
3.3850000000000002,1.0234434595195925,-0.006347169859488052,0.0005626475750466625
3.39,1.0234117853402585,-0.0063348358668235865,0.0005271947815991829
3.395,1.023380171852063,-0.006322697639115355,0.0004925777894360384
3.4,1.0233486180985445,-0.006310750703709502,0.00045878387132580745
3.4050000000000002,1.023317123145253,-0.006298990658297308,0.00042580038861282643
3.41,1.023285686079401,-0.006287413170366798,0.0003936147930712758
3.415,1.0232543060095178,-0.006276013976645891,0.00036221462868724075
3.42,1.023222982065105,-0.006264788882537486,0.0003315875333385898
3.4250000000000003,1.0231917133962973,-0.006253733761546987,0.0003017212403938069
3.43,1.023160499173524,-0.006242844554702698,0.000272603580232178
3.435,1.023129338587174,-0.006232117269969483,0.0002442224816876018
3.44,1.0230982308472658,-0.006221547981656091,0.00021656597339346495
3.4450000000000003,1.0230671751831166,-0.006211132829816639,0.0001896221850813326
3.45,1.0230361708430185,-0.0062008680196465075,0.00016337934877093396
3.455,1.0230052170939141,-0.006190749820873183,0.00013782579992207417
3.46,1.0229743132210785,-0.006180774567142263,0.00011294997848562
3.465,1.0229434585278014,-0.006170938655399121,8.874042990298509e-05
3.47,1.0229126523350751,-0.006161238545266508,6.51858060270738e-05
3.475,1.022881893981283,-0.006151670758418473,4.227486598811642e-05
3.48,1.0228511828218931,-0.006142231877950904,1.9996476981587463e-05
3.485,1.0228205182291543,-0.00613291854774907,-1.660384991462871e-06
3.49,1.022789899591795,-0.006123727471852404,-2.2706634458358188e-05
3.495,1.0227593263147259,-0.0061146554138169175,-4.3153075859808654e-05
3.5,1.0227287978187456,-0.006105699196075491,-6.301040299871996e-05
3.505,1.0226983135402492,-0.006096855699296372,-8.228919853615901e-05
3.5100000000000002,1.0226678729309404,-0.006088121861740108,-0.00010099993355188602
3.515,1.0226374754575474,-0.006079494678615257,-0.00011915296716297208
3.52,1.0226071206015401,-0.006070971201433149,-0.000136758546170887
3.525,1.0225768078588533,-0.006062548537361854,-0.00015382680478640692
3.5300000000000002,1.0225465367396105,-0.006054223848579743,-0.00017036776438632273
3.535,1.0225163067678524,-0.006045994351628805,-0.00018639133332012253
3.54,1.0224861174812685,-0.006037857316767962,-0.00020190730676755697
3.545,1.0224559684309318,-0.006029810067326648,-0.0002169253666466503
3.5500000000000003,1.0224258591810365,-0.006021849979058891,-0.00023145508154866906
3.555,1.022395789308639,-0.006013974479498046,-0.0002455059067281301
3.56,1.0223657584034025,-0.00600618104731244,-0.00025908718412476217
3.565,1.0223357660673442,-0.0059984672116620945,-0.0002722081424413811
3.5700000000000003,1.0223058119145865,-0.005990830551556808,-0.00028487789724082613
3.575,1.0222758955711104,-0.005983268695215677,-0.000297105451093127
3.58,1.0222460166745133,-0.0059757793194283185,-0.00030889969375371557
3.585,1.0222161748737688,-0.005968360148917945,-0.00032026940237930845
3.59,1.0221863698289904,-0.005961008955706464,-0.00033122324177277396
3.595,1.022156601211198,-0.005953723558481768,-0.0003417697646671894
3.6,1.0221268687020881,-0.005946501821967381,-0.0003519174120373558
3.605,1.0220971719938066,-0.005939341656294617,-0.00036167451344498724
3.61,1.0220675107887247,-0.0059322410163774,-0.00037104928741313326
3.615,1.0220378847992182,-0.0059251979012899,-0.0003800498418183168
3.62,1.02200829374745,-0.005918210353647056,-0.0003886841743323405
3.625,1.021978737365155,-0.005911276458988248,-0.00039696017286894314
3.63,1.021949215393429,-0.00590439434516411,-0.000404885616067982
3.6350000000000002,1.0219197275825205,-0.005897562181726704,-0.00041246817380501816
3.64,1.0218902736916238,-0.005890778179323139,-0.00041971540771165716
3.645,1.0218608534886784,-0.005884040589092712,-0.0004266347717416241
3.65,1.021831466750168,-0.005877347702067781,-0.0004332336127284425
3.6550000000000002,1.0218021132609252,-0.005870697848578322,-0.0004395191709985202
3.66,1.0217727928139368,-0.0058640893976604465,-0.00044549858097116257
3.665,1.0217435052101544,-0.005857520756468812,-0.00045117887180561034
3.67,1.021714250258306,-0.005850990369693137,-0.00045656696805208147
3.6750000000000003,1.0216850277747112,-0.005844496718978858,-0.0004616696903129991
3.68,1.0216558375830993,-0.005838038322351954,-0.00046649375594678966
3.685,1.021626679514431,-0.005831613733648161,-0.0004710457797667822
3.69,1.0215975534067214,-0.005825221541946523,-0.00047533227475639317
3.6950000000000003,1.0215684591048664,-0.005818860371007385,-0.00047935965280780646
3.7,1.0215393964604729,-0.005812528878714912,-0.00048313422547599516
3.705,1.0215103653316902,-0.00580622575652422,-0.0004866622047304328
3.71,1.0214813655830455,-0.005799949728913086,-0.0004899497037433309
3.715,1.0214523970852813,-0.005793699552838432,-0.0004930027376708612
3.72,1.0214234597151954,-0.005787474017197529,-0.0004958272244455636
3.725,1.021394553355484,-0.00578127194229396,-0.0004984289855938795
3.73,1.0213656778945874,-0.005775092179308488,-0.0005008137470531651
3.735,1.0213368332265385,-0.005768933609774791,-0.0005029871400024574
3.74,1.021308019250813,-0.005762795145060141,-0.0005049547017001166
3.745,1.0212792358721838,-0.005756675725851051,-0.0005067218763308984
3.75,1.0212504830005755,-0.005750574321643929,-0.0005082940158522495
3.755,1.0212217605509244,-0.005744489930240724,-0.0005096763808718693
3.7600000000000002,1.0211930684430381,-0.0057384215772497225,-0.0005108741414985851
3.765,1.0211644066014602,-0.005732368315591341,-0.0005118923782315987
3.77,1.0211357749553351,-0.005726329225009112,-0.0005127360828301106
3.775,1.0211071734382773,-0.0057203034115857485,-0.0005134101592101301
3.7800000000000002,1.021078601988241,-0.00571429000726442,-0.0005139194243218431
3.785,1.021050060547394,-0.005708288169375133,-0.0005142686090540555
3.79,1.0210215490619932,-0.00570229708016634,-0.0005144623591332234
3.795,1.0209930674822614,-0.005696315946341756,-0.0005145052360173499
3.8000000000000003,1.0209646157622683,-0.005690343998602331,-0.0005144017178095595
3.805,1.0209361938598123,-0.005684380491193475,-0.0005141562001629713
3.81,1.020907801736305,-0.005678424701457499,-0.0005137729971871896
3.815,1.020879439356658,-0.0056724759293912495,-0.0005132563423678738
3.8200000000000003,1.020851106689172,-0.005666533497209002,-0.0005126103894665113
3.825,1.0208228037054274,-0.005660596748910521,-0.0005118392134546845
3.83,1.0207945303801782,-0.0056546650498544284,-0.0005109468114069607
3.835,1.0207662866912466,-0.0056487377863366816,-0.0005099371034324729
3.84,1.0207380726194206,-0.005642814365174339,-0.0005088139335795508
3.845,1.020709888148354,-0.005636894213294475,-0.0005075810707608416
3.85,1.0206817332644673,-0.005630976777328337,-0.0005062422096590788
3.855,1.0206536079568513,-0.00562506152321064,-0.0005048009716466656
3.86,1.0206255122171723,-0.0056191479357840576,-0.0005032609056857817
3.865,1.0205974460395804,-0.00561323551840881,-0.0005016254892570293
3.87,1.0205694094206175,-0.005607323792577482,-0.0004998981292511084
3.875,1.0205414023591297,-0.005601412297534871,-0.0004980821628853063
3.88,1.0205134248561802,-0.005595500589902995,-0.0004961808586086136
3.8850000000000002,1.0204854769149636,-0.005589588243311184,-0.0004941974169926297
3.89,1.0204575585407234,-0.00558367484803118,-0.0004921349716437637
3.895,1.0204296697406703,-0.005577760010617353,-0.0004899965900903719
3.9,1.0204018105239026,-0.005571843353551879,-0.0004877852746775005
3.9050000000000002,1.0203739809013281,-0.005565924514894938,-0.00048550396345505703
3.91,1.0203461808855885,-0.005560003147939871,-0.0004831555310627622
3.915,1.0203184104909842,-0.005554078920873276,-0.0004807427896127425
3.92,1.020290669733402,-0.005548151516440029,-0.0004782684895656836
3.9250000000000003,1.0202629586302439,-0.005542220631613197,-0.0004757353206013837
3.93,1.0202352772003576,-0.005536285977268784,-0.00047314591249432436
3.935,1.0202076254639683,-0.005530347277865353,-0.00047050283596549586
3.94,1.0201800034426127,-0.005524404271128382,-0.0004678086035510426
3.9450000000000003,1.020152411159074,-0.005518456707739445,-0.0004650656704476355
3.95,1.020124848637319,-0.005512504351030074,-0.0004622764353674133
3.955,1.0200973159024356,-0.005506546976680365,-0.000459443241381266
3.96,1.0200698129805734,-0.005500584372422251,-0.00045656837674691586
3.9650000000000003,1.0200423398988847,-0.0054946163377473526,-0.00045365407575461564
3.97,1.0200148966854665,-0.005488642683619505,-0.0004507025195400194
3.975,1.0199874833693057,-0.005482663232191776,-0.00044771583691886885
3.98,1.019960099980223,-0.005476677816528082,-0.0004446961051822601
3.985,1.0199327465488213,-0.0054706862803292015,-0.000441645350924752
3.99,1.0199054231064328,-0.005464688477663331,-0.00043856555083381793
3.995,1.0198781296850694,-0.005458684272701005,-0.00043545863249431355
4.0,1.0198508663173722,-0.0054526735394544255,-0.000432326475165945
4.005,1.0198236330365646,-0.005446656161521074,-0.00042917091057639856
4.01,1.0197964298764055,-0.005440632031831674,-0.000425993723694687
4.015,1.0197692568711434,-0.0054346010524024,-0.00042279665349936185
4.0200000000000005,1.019742114055473,-0.005428563134091294,-0.0004195813937490772
4.025,1.0197150014644911,-0.005422518196358902,-0.00041634959372331
4.03,1.0196879191336559,-0.0054164661670329795,-0.00041310285898782384
4.035,1.0196608670987455,-0.0054104069820773695,-0.000409842752130303
4.04,1.0196338453958187,-0.005404340585364905,-0.0004065707934928636
4.045,1.0196068540611765,-0.005398266928454322,-0.00040328846190415546
4.05,1.0195798931313247,-0.005392185970371161,-0.00039999719540126377
4.055,1.0195529626429378,-0.00538609767739261,-0.00039669839194145934
4.0600000000000005,1.0195260626328237,-0.005380002022836229,-0.00039339341011106893
4.065,1.0194991931378894,-0.00537389898685253,-0.00039008356982135617
4.07,1.0194723541951083,-0.005367788556221357,-0.00038677015301287476
4.075,1.0194455458414875,-0.00536167072415209,-0.00038345440432560607
4.08,1.019418768114037,-0.0053555454900874894,-0.0003801375317856043
4.085,1.0193920210497394,-0.005349412859511286,-0.0003768207074757307
4.09,1.0193653046855207,-0.005343272843759398,-0.00037350506819838064
4.095,1.0193386190582214,-0.005337125459834751,-0.00037019171612285434
4.1,1.0193119642045703,-0.005330970730225613,-0.0003668817194504778
4.105,1.0192853401611566,-0.005324808682727527,-0.0003635761130430584
4.11,1.0192587469644052,-0.005318639350268651,-0.0003602758990626856
4.115,1.0192321846505514,-0.005312462770738561,-0.00035698204759373325
4.12,1.0192056532556173,-0.005306278986820422,-0.00035369549726869953
4.125,1.0191791528153882,-0.005300088045826534,-0.0003504171558739305
4.13,1.0191526833653906,-0.0052938899995371635,-0.00034714790095596165
4.135,1.0191262449408705,-0.005287684904042638,-0.0003438885804188663
4.14,1.0190998375767726,-0.005281472819588668,-0.0003406400131122228
4.1450000000000005,1.0190734613077204,-0.005275253810424847,-0.0003374029894140304
4.15,1.019047116167997,-0.005269027944656279,-0.00033417827181214665
4.155,1.0190208021915266,-0.005262795294098356,-0.00033096659546287543
4.16,1.018994519411856,-0.005256555934134523,-0.00032776866875257327
4.165,1.0189682678621381,-0.0052503099435770835,-0.0003245851738550992
4.17,1.0189420475751154,-0.005244057404530994,-0.00032141676727068247
4.175,1.0189158585831042,-0.0052377984022605505,-0.00031826408037569087
4.18,1.018889700917979,-0.005231533025059038,-0.0003151277199401961
4.1850000000000005,1.0188635746111583,-0.005225261364121151,-0.00031200826866045056
4.19,1.0188374796935913,-0.005218983513418271,-0.0003089062856775904
4.195,1.0188114161957433,-0.005212699569576532,-0.0003058223070757024
4.2,1.0187853841475845,-0.005206409631757546,-0.00030275684639931646
4.205,1.0187593835785766,-0.005200113801541906,-0.00029971039513969344
4.21,1.0187334145176625,-0.0051938121828152915,-0.0002966834232266992
4.215,1.0187074769932543,-0.005187504881657202,-0.00029367637950799413
4.22,1.018681571033223,-0.005181192006232256,-0.0002906896922236224
4.225,1.0186556966648896,-0.005174873666684026,-0.00028772376947551817
4.23,1.0186298539150145,-0.005168549975031377,-0.0002847789996891295
4.235,1.0186040428097891,-0.005162221045067276,-0.000281855752063586
4.24,1.0185782633748277,-0.005155886992259993,-0.0002789543770213669
4.245,1.0185525156351594,-0.00514954793365671,-0.0002760752066506937
4.25,1.0185267996152205,-0.0051432039877894785,-0.0002732185551370947
4.255,1.0185011153388477,-0.00513685527458348,-0.0002703847191846201
4.26,1.0184754628292714,-0.005130501915267528,-0.00026757397844473507
4.265,1.01844984210911,-0.005124144032286851,-0.00026478659592807374
4.2700000000000005,1.0184242532003638,-0.005117781749218061,-0.00026202281840961156
4.275,1.0183986961244103,-0.005111415190686282,-0.0002592828768320128
4.28,1.0183731709019987,-0.0051050444822844125,-0.00025656698669911104
4.285,1.0183476775532463,-0.005098669750494482,-0.00025387534846427195
4.29,1.0183222160976333,-0.005092291122611062,-0.00025120814790950685
4.295,1.018296786554,-0.005085908726666692,-0.00024856555652340295
4.3,1.0182713889405433,-0.00507952269135931,-0.0002459477318702899
4.305,1.0182460232748134,-0.005073133145981622,-0.00024335481795490638
4.3100000000000005,1.0182206895737116,-0.005066740220352424,-0.000240786945575458
4.315,1.0181953878534877,-0.005060344044749773,-0.00023824423267937087
4.32,1.0181701181297385,-0.005053944749846045,-0.00023572678470804714
4.325,1.0181448804174051,-0.005047542466644816,-0.0002332346949305078
4.33,1.018119674730773,-0.005041137326419501,-0.00023076804478407154
4.335,1.0180945010834697,-0.005034729460653792,-0.00022832690419387347
4.34,1.0180693594884647,-0.005028319000983781,-0.00022591133190330917
4.345,1.0180442499580689,-0.005021906079141821,-0.00022352137578354053
4.3500000000000005,1.0180191725039343,-0.005015490826902026,-0.00022115707314732114
4.355,1.017994127137054,-0.00500907337602741,-0.00021881845105301695
4.36,1.017969113867763,-0.0050026538582186334,-0.0002165055266023369
4.365,1.0179441327057375,-0.004996232405064317,-0.00021421830723615184
4.37,1.0179191836599975,-0.004989809147992901,-0.00021195679102429393
4.375,1.0178942667389064,-0.004983384218226033,-0.00020972096694640494
4.38,1.0178693819501727,-0.004976957746733426,-0.00020751081516730968
4.385,1.0178445293008518,-0.0049705298641891625,-0.0002053263073147002
4.39,1.017819708797347,-0.0049641007009294524,-0.00020316740674442002
4.3950000000000005,1.0177949204454124,-0.00495767038691178,-0.00020103406880438157
4.4,1.017770164250154,-0.004951239051675434,-0.0001989262410905454
4.405,1.0177454402160324,-0.004944806824303374,-0.00019684386369843432
4.41,1.0177207483468655,-0.004938373833385411,-0.0001947868694736135
4.415,1.0176960886458306,-0.004931940206982701,-0.00019275518424751586
4.42,1.0176714611154676,-0.004925506072593465,-0.00019074872708380042
4.425,1.017646865757682,-0.004919071557119994,-0.00018876741050961182
4.43,1.0176223025737479,-0.004912636786836862,-0.00018681114073648697
4.4350000000000005,1.017597771564311,-0.004906201887360289,-0.0001848798178919267
4.44,1.017573272729393,-0.004899766983618708,-0.00018297333624026774
4.445,1.0175488060683937,-0.004893332199824481,-0.0001810915843862837
4.45,1.0175243715800966,-0.0048868976594466755,-0.00017923444550076856
4.455,1.0174999692626707,-0.004880463485185009,-0.00017740179751071783
4.46,1.017475599113676,-0.0048740297989447855,-0.0001755935133085744
4.465,1.0174512611300668,-0.004867596721812912,-0.0001738094609551634
4.47,1.0174269553081967,-0.004861164374034968,-0.0001720495038655817
4.4750000000000005,1.0174026816438217,-0.004854732874993243,-0.00017031350099295725
4.48,1.0173784401321058,-0.004848302343185718,-0.00016860130702448656
4.485,1.0173542307676247,-0.004841872896206062,-0.0001669127725571623
4.49,1.017330053544371,-0.004835444650724539,-0.0001652477442752806
4.495,1.0173059084557587,-0.0048290177224698284,-0.00016360606512256376
4.5,1.0172817954946276,-0.0048225922262117365,-0.00016198757446544282
4.505,1.0172577146532489,-0.0048161682757447465,-0.00016039210827273331
4.51,1.0172336659233294,-0.004809745983872493,-0.00015881949926152203
4.515,1.0172096492960174,-0.004803325462392992,-0.00015726957706693745
4.5200000000000005,1.017185664761907,-0.004796906822084737,-0.00015574216838909472
4.525,1.0171617123110437,-0.004790490172693555,-0.00015423709714272593
4.53,1.0171377919329292,-0.004784075622920229,-0.00015275418460935358
4.535,1.017113903616527,-0.0047776632804088955,-0.0001512932495743094
4.54,1.0170900473502684,-0.004771253251736153,-0.00014985410847739855
4.545,1.0170662231220564,-0.004764845642400936,-0.00014843657553765405
4.55,1.0170424309192723,-0.004758440556815022,-0.0001470404628922707
4.555,1.0170186707287807,-0.004752038098294261,-0.00014566558072762886
4.5600000000000005,1.0169949425369356,-0.004745638369050458,-0.0001443117374067271
4.565,1.0169712463295846,-0.004739241470183916,-0.00014297873958188032
4.57,1.0169475820920761,-0.004732847501676549,-0.0001416663923326303
4.575,1.0169239498092641,-0.0047264565623856974,-0.00014037449927115087
4.58,1.016900349465514,-0.004720068750038475,-0.00013910286266232905
4.585,1.016876781044708,-0.004713684161226729,-0.00013785128352959697
4.59,1.016853244530251,-0.004707302891402537,-0.00013661956176829956
4.595,1.0168297399050765,-0.004700925034874274,-0.0001354074962486851
4.6000000000000005,1.0168062671516525,-0.004694550684803207,-0.00013421488492301042
4.605,1.0167828262519865,-0.004688179933200617,-0.00013304152492236987
4.61,1.0167594171876317,-0.004681812870925429,-0.00013188721265063735
4.615,1.0167360399396934,-0.004675449587682293,-0.00013075174389007987
4.62,1.0167126944888334,-0.00466909017202022,-0.0001296349138788129
4.625,1.0166893808152768,-0.004662734711331584,-0.0001285365174110674
4.63,1.0166660988988176,-0.004656383291851642,-0.00012745634892032467
4.635,1.0166428487188244,-0.004650035998658466,-0.0001263942025635026
4.64,1.016619630254246,-0.0046436929156732955,-0.00012534987230645306
4.6450000000000005,1.0165964434836177,-0.004637354125661318,-0.0001243231519962168
4.65,1.0165732883850664,-0.004631019710232807,-0.00012331383544909175
4.655,1.0165501649363171,-0.004624689749844703,-0.0001223217165147901
4.66,1.016527073114698,-0.00461836432380251,-0.00012134658915662067
4.665,1.0165040128971468,-0.004612043510262589,-0.00012038824751869209
4.67,1.0164809842602156,-0.0046057273862347885,-0.00011944648599132579
4.675,1.0164579871800776,-0.004599416027585393,-0.00011852109928164531
4.68,1.0164350216325324,-0.004593109509040422,-0.00011761188247864235
4.6850000000000005,1.0164120875930114,-0.004586807904189255,-0.0001167186311094269
4.69,1.016389185036584,-0.004580511285488518,-0.00011584114120809924
4.695,1.0163663139379626,-0.004574219724266326,-0.00011497920935771982
4.7,1.016343474271509,-0.004567933290726715,-0.00011413263276689387
4.705,1.0163206660112392,-0.004561652053954459,-0.00011330120930855975
4.71,1.0162978891308296,-0.00455537608192007,-0.00011248473757909105
4.715,1.0162751436036221,-0.004549105441485086,-0.00011168301694159527
4.72,1.01625242940263,-0.004542840198407566,-0.00011089584758585888
4.7250000000000005,1.0162297465005432,-0.004536580417347884,-0.00011012303056527617
4.73,1.016207094869734,-0.0045303261618746885,-0.00010936436785068115
4.735,1.0161844744822617,-0.0045240774944711295,-0.0001086196623612673
4.74,1.016161885309879,-0.004517834476541229,-0.00010788871801623717
4.745,1.016139327324037,-0.004511597168416499,-0.00010717133977073551
4.75,1.01611680049589,-0.004505365629362728,-0.00010646733366153141
4.755,1.016094304796302,-0.004499139917586991,-0.00010577650683383372
4.76,1.0160718401958508,-0.00449292009024478,-0.00010509866758510664
4.765,1.0160494066648336,-0.004486706203447338,-0.0001044336253900463
4.7700000000000005,1.0160270041732722,-0.004480498312269117,-0.00010378119094273108
4.775,1.0160046326909185,-0.004474296470755427,-0.0001031411761835202
4.78,1.0159822921872588,-0.004468100731930211,-0.00010251339432511275
4.785,1.0159599826315198,-0.004461911147803941,-0.0001018976598889873
4.79,1.015937703992673,-0.0044557277693816795,-0.00010129378872639899
4.795,1.0159154562394395,-0.004449550646671239,-0.00010070159804260667
4.8,1.015893239340296,-0.004443379828691445,-0.00010012090643127941
4.805,1.0158710532634785,-0.004437215363480565,-9.955153388651813e-05
4.8100000000000005,1.015848897976988,-0.0044310572981047765,-9.899330183264776e-05
4.815,1.0158267734485946,-0.004424905678666782,-9.84460331390491e-05
4.82,1.015804679645843,-0.004418760550314477,-9.790955214522903e-05
4.825,1.0157826165360568,-0.004412621957249731,-9.738368467481287e-05
4.83,1.015760584086343,-0.004406489942737231,-9.686825805632626e-05
4.835,1.0157385822635976,-0.004400364549113406,-9.636310114358518e-05
4.84,1.0157166110345086,-0.004394245817795454,-9.58680443177845e-05
4.845,1.0156946703655623,-0.00438813378929035,-9.53829195182096e-05
4.8500000000000005,1.0156727602230462,-0.004382028503204005,-9.490756024009561e-05
4.855,1.0156508805730549,-0.0043759299982504,-9.44418015613735e-05
4.86,1.0156290313814935,-0.004369838312260831,-9.3985480147208e-05
4.865,1.0156072126140825,-0.004363753482193176,-9.353843425830705e-05
4.87,1.0155854242363618,-0.0043576755441411775,-9.310050376615253e-05
4.875,1.015563666213695,-0.0043516045333437964,-9.267153015739618e-05
4.88,1.015541938511274,-0.004345540484194567,-9.22513565416519e-05
4.885,1.0155202410941229,-0.004339483430250984,-9.183982766658091e-05
4.89,1.0154985739271016,-0.004333433404243941,-9.143678991114373e-05
4.8950000000000005,1.0154769369749113,-0.00432739043808713,-9.104209130426227e-05
4.9,1.0154553302020968,-0.004321354562886521,-9.065558151807179e-05
4.905,1.015433753573052,-0.004315325808949781,-9.027711188300258e-05
4.91,1.015412207052023,-0.004309304205795772,-8.990653538472337e-05
4.915,1.0153906906031123,-0.004303289782164002,-8.954370666483524e-05
4.92,1.0153692041902822,-0.00429728256602408,-8.918848202901092e-05
4.925,1.0153477477773594,-0.00429128258458519,-8.88407194441429e-05
4.93,1.015326321328038,-0.004285289864305533,-8.850027853948492e-05
4.9350000000000005,1.0153049248058834,-0.004279304430901772,-8.816702060783846e-05
4.94,1.0152835581743367,-0.004273326309358458,-8.784080860682955e-05
4.945,1.015262221396717,-0.004267355523937455,-8.752150715329518e-05
4.95,1.0152409144362262,-0.004261392098187315,-8.720898252502496e-05
4.955,1.0152196372559514,-0.004255436054952659,-8.69031026554945e-05
4.96,1.0151983898188695,-0.004249487416383508,-8.660373713605812e-05
4.965,1.0151771720878497,-0.004243546203944613,-8.631075721109854e-05
4.97,1.0151559840256577,-0.004237612438424751,-8.602403576999165e-05
4.9750000000000005,1.015134825594958,-0.004231686139945964,-8.574344734636058e-05
4.98,1.015113696758318,-0.004225767327972777,-8.546886811423848e-05
4.985,1.0150925974782115,-0.004219856021321388,-8.520017588073067e-05
4.99,1.0150715277170206,-0.00421395223816881,-8.493725008263536e-05
4.995,1.0150504874370403,-0.00420805599606197,-8.467997177986214e-05
5.0,1.0150294766004806,-0.004202167311926777,-8.44282236454677e-05
5.005,1.0150084951694702,-0.004196286202077114,-8.418188996693957e-05
5.01,1.014987543106059,-0.004190412682223833,-8.394085662977169e-05
5.015,1.0149666203722216,-0.004184546767483646,-8.370501111580608e-05
5.0200000000000005,1.0149457269298596,-0.004178688472387999,-8.347424249485758e-05
5.025,1.0149248627408052,-0.004172837810891891,-8.324844141642529e-05
5.03,1.0149040277668233,-0.0041669947963826354,-8.30275000986043e-05
5.035,1.014883221969615,-0.004161159441688555,-8.281131232062283e-05
5.04,1.0148624453108195,-0.004155331759087625,-8.2599773416063e-05
5.045,1.0148416977520178,-0.004149511760316074,-8.239278025917382e-05
5.05,1.014820979254735,-0.004143699456576896,-8.219023126233155e-05
5.055,1.0148002897804422,-0.004137894858548342,-8.199202635963965e-05
5.0600000000000005,1.0147796292905602,-0.004132097976392318,-8.179806699452896e-05
5.065,1.0147589977464615,-0.004126308819762703,-8.160825612218633e-05
5.07,1.0147383951094724,-0.00412052739781367,-8.142249818007818e-05
5.075,1.0147178213408763,-0.00411475371920785,-8.124069909492757e-05
5.08,1.0146972764019158,-0.004108987792124513,-8.106276626476672e-05
5.085,1.0146767602537945,-0.0041032296242676505,-8.088860854161412e-05
5.09,1.0146562728576802,-0.004097479222873957,-8.071813622911178e-05
5.095,1.0146358141747067,-0.004091736594720792,-8.055126106605581e-05
5.1000000000000005,1.014615384165976,-0.004086001746134041,-8.038789621402781e-05
5.105,1.0145949827925609,-0.004080274682995911,-8.022795625275275e-05
5.11,1.014574610015507,-0.004074555410752681,-8.007135716145072e-05
5.115,1.014554265795835,-0.004068843934422359,-7.991801630795325e-05
5.12,1.014533950094542,-0.004063140258602265,-7.976785243108547e-05
5.125,1.0145136628726046,-0.004057444387476517,-7.962078563805014e-05
5.13,1.0144934040909805,-0.004051756324823493,-7.947673739118824e-05
5.135,1.0144731737106105,-0.004046076074023214,-7.933563048470593e-05
5.14,1.0144529716924202,-0.004040403638064603,-7.91973890398659e-05
5.1450000000000005,1.0144327979973224,-0.004034739019552705,-7.906193849339938e-05
5.15,1.014412652586219,-0.004029082220715843,-7.892920558277491e-05
5.155,1.0143925354200019,-0.004023433243412683,-7.879911832846254e-05
5.16,1.0143724464595563,-0.0040177920891392065,-7.86716060310888e-05
5.165,1.014352385665761,-0.004012158759035653,-7.854659924379226e-05
5.17,1.0143323529994916,-0.004006533253893318,-7.842402977760454e-05
5.175,1.0143123484216208,-0.004000915574161367,-7.830383066763716e-05
5.18,1.014292371893021,-0.0039953057199534625,-7.818593617944791e-05
5.1850000000000005,1.0142724233745657,-0.00398970369105443,-7.80702817797449e-05
5.19,1.014252502827131,-0.003984109486926747,-7.795680413301073e-05
5.195,1.0142326102115975,-0.003978523106717022,-7.784544108765945e-05
5.2,1.0142127454888512,-0.003972944549262385,-7.773613165189264e-05
5.205,1.0141929086197856,-0.00396737381309675,-7.762881599192306e-05
5.21,1.0141730995653033,-0.0039618108964570645,-7.752343541948814e-05
5.215,1.014153318286317,-0.003956255797289476,-7.74199323691771e-05
5.22,1.0141335647437506,-0.003950708513255388,-7.731825038734957e-05
5.2250000000000005,1.014113838898542,-0.003945169041737442,-7.721833412834694e-05
5.23,1.0140941407116428,-0.003939637379845477,-7.712012932618861e-05
5.235,1.0140744701440207,-0.00393411352442234,-7.70235827920289e-05
5.24,1.0140548271566605,-0.0039285974720496665,-7.692864239751407e-05
5.245,1.0140352117105653,-0.003923089219053579,-7.683525706232014e-05
5.25,1.0140156237667577,-0.00391758876151031,-7.674337673500842e-05
5.255,1.0139960632862814,-0.00391209609525172,-7.665295239227266e-05
5.26,1.0139765302302022,-0.003906611215870804,-7.656393601351147e-05
5.265,1.0139570245596086,-0.003901134118727065,-7.64762805703402e-05
5.2700000000000005,1.0139375462356137,-0.003895664798951826,-7.638994001647748e-05
5.275,1.0139180952193565,-0.003890203251453481,-7.630486927813138e-05
5.28,1.013898671472002,-0.0038847494709226913,-7.622102423041413e-05
5.285,1.0138792749547427,-0.0038793034518374596,-7.613836168880728e-05
5.29,1.0138599056288005,-0.0038738651884681475,-7.60568394044571e-05
5.295,1.013840563455426,-0.0038684346748824676,-7.597641603483002e-05
5.3,1.0138212483959013,-0.003863011904950318,-7.589705115082501e-05
5.305,1.0138019604115396,-0.003857596872348647,-7.581870520473322e-05
5.3100000000000005,1.0137826994636867,-0.0038521895705661475,-7.574133952750056e-05
5.315,1.0137634655137222,-0.0038467899929079358,-7.566491631915903e-05
5.32,1.0137442585230596,-0.0038413981325001695,-7.55893986253385e-05
5.325,1.0137250784531482,-0.0038360139822945457,-7.551475033937272e-05
5.33,1.0137059252654728,-0.0038306375350728008,-7.54409361724967e-05
5.335,1.0136867989215554,-0.003825268783451054,-7.536792165697623e-05
5.34,1.013667699382956,-0.0038199077198841627,-7.529567312778568e-05
5.345,1.0136486266112728,-0.0038145543366699753,-7.522415770497975e-05
5.3500000000000005,1.013629580568143,-0.0038092086259534953,-7.515334329081386e-05
5.355,1.0136105612152444,-0.0038038705797310193,-7.508319855281317e-05
5.36,1.013591568514295,-0.0037985401898541866,-7.5013692911019e-05
5.365,1.0135726024270548,-0.0037932174480339604,-7.494479652899247e-05
5.37,1.0135536629153257,-0.0037879023458445545,-7.487648030547744e-05
5.375,1.013534749940952,-0.003782594874727315,-7.480871584827214e-05
5.38,1.013515863465822,-0.0037772950259944657,-7.474147548114374e-05
5.385,1.0134970034518678,-0.0037720027908328796,-7.467473222201593e-05
5.39,1.0134781698610662,-0.0037667181603077402,-7.460845976903913e-05
5.3950000000000005,1.0134593626554393,-0.0037614411253661236,-7.454263249779408e-05
5.4,1.013440581797055,-0.0037561716768405636,-7.447722544428811e-05
5.405,1.0134218272480278,-0.0037509098054525243,-7.441221429575068e-05
5.41,1.0134030989705187,-0.003745655501815824,-7.434757538169606e-05
5.415,1.0133843969267364,-0.003740408756440009,-7.428328565464368e-05
5.42,1.0133657210789377,-0.0037351695597336223,-7.421932269271667e-05
5.425,1.0133470713894277,-0.0037299379020074856,-7.415566467741316e-05
5.43,1.0133284478205604,-0.0037247137734778613,-7.409229038984194e-05
5.4350000000000005,1.013309850334739,-0.0037194971642695936,-7.402917919284088e-05
5.44,1.013291278894417,-0.0037142880644191532,-7.396631103144882e-05
5.445,1.0132727334620977,-0.003709086463877682,-7.390366641210622e-05
5.45,1.013254214000335,-0.003703892352513926,-7.384122640027857e-05
5.455,1.0132357204717346,-0.0036987057201171565,-7.377897260749458e-05
5.46,1.0132172528389527,-0.0036935265564000184,-7.37168871789047e-05
5.465,1.0131988110646977,-0.003688354851001313,-7.365495278462489e-05
5.47,1.0131803951117302,-0.003683190593488734,-7.359315261506322e-05
5.4750000000000005,1.0131620049428633,-0.0036780337733615764,-7.353147036575844e-05
5.48,1.013143640520963,-0.003672884380053363,-7.346989022972983e-05
5.485,1.0131253018089483,-0.0036677424029344314,-7.340839688658313e-05
5.49,1.0131069887697917,-0.0036626078313144626,-7.334697549550573e-05
5.495,1.0130887013665195,-0.0036574806544449685,-7.328561168854983e-05
5.5,1.0130704395622119,-0.003652360861521744,-7.322429154988513e-05
5.505,1.0130522033200033,-0.0036472484416872107,-7.316300162057976e-05
5.51,1.0130339926030831,-0.003642143384032783,-7.310172888547184e-05
5.515,1.013015807374695,-0.003637045677601161,-7.304046076053727e-05
5.5200000000000005,1.0129976475981382,-0.003631955311388562,-7.29791850877376e-05
5.525,1.0129795132367665,-0.003626872274346918,-7.29178901263984e-05
5.53,1.0129614042539896,-0.0036217965553860297,-7.285656454150691e-05
5.535,1.0129433206132727,-0.003616728143375658,-7.279519739927798e-05
5.54,1.012925262278137,-0.0036116670271475913,-7.273377815945892e-05
5.545,1.0129072292121595,-0.0036066131954976674,-7.267229666083758e-05
5.55,1.0128892213789735,-0.003601566637187725,-7.261074312475344e-05
5.555,1.0128712387422687,-0.003596527340947567,-7.254910813382295e-05
5.5600000000000005,1.0128532812657913,-0.003591495295476815,-7.248738263623475e-05
5.565,1.0128353489133441,-0.003586470489446781,-7.242555792842664e-05
5.57,1.0128174416487867,-0.0035814529115022527,-7.236362565268481e-05
5.575,1.0127995594360355,-0.003576442550263263,-7.23015777876583e-05
5.58,1.012781702239064,-0.0035714393943268065,-7.22394066427004e-05
5.585,1.0127638700219026,-0.00356644343226853,-7.21771048489625e-05
5.59,1.0127460627486393,-0.003561454652644372,-7.211466535418654e-05
5.595,1.0127282803834194,-0.0035564730439921763,-7.205208141774361e-05
5.6000000000000005,1.0127105228904454,-0.003551498594833277,-7.19893465951256e-05
5.605,1.012692790233977,-0.0035465312936740026,-7.192645473724779e-05
5.61,1.012675082378332,-0.0035415711290071776,-7.186339998252467e-05
5.615,1.0126573992878853,-0.0035366180893135796,-7.180017675645703e-05
5.62,1.01263974092707,-0.0035316721630633914,-7.173677975333415e-05
5.625,1.0126221072603765,-0.003526733338717563,-7.167320393991483e-05
5.63,1.0126044982523528,-0.003521801604729186,-7.160944453767082e-05
5.635,1.0125869138676051,-0.003516876949544781,-7.154549703401736e-05
5.64,1.0125693540707972,-0.0035119593616056337,-7.14813571575934e-05
5.6450000000000005,1.0125518188266505,-0.003507048829349013,-7.141702088287599e-05
5.65,1.0125343080999445,-0.003502145341209404,-7.135248442387276e-05
5.655,1.0125168218555165,-0.003497248885619709,-7.128774422455672e-05
5.66,1.0124993600582615,-0.0034923594510124023,-7.122279695304795e-05
5.665,1.0124819226731323,-0.003487477025820649,-7.11576394996638e-05
5.67,1.01246450966514,-0.0034826015984794163,-7.109226897136778e-05
5.675,1.0124471209993529,-0.003477733157426554,-7.102668268288773e-05
5.68,1.0124297566408973,-0.003472871691103829,-7.096087814817756e-05
5.6850000000000005,1.0124124165549575,-0.003468017187957914,-7.089485308621815e-05
5.69,1.0123951007067753,-0.003463169636441408,-7.082860540540484e-05
5.695,1.0123778090616502,-0.003458329025013773,-7.07621332027078e-05
5.7,1.0123605415849395,-0.003453495342142266,-7.069543475912016e-05
5.705,1.012343298242058,-0.003448668576302848,-7.062850853188293e-05
5.71,1.012326078998478,-0.0034438487159810533,-7.056135315396464e-05
5.715,1.0123088838197296,-0.0034390357496728516,-7.049396742288272e-05
5.72,1.0122917126714002,-0.0034342296658854566,-7.042635030417646e-05
5.7250000000000005,1.0122745655191345,-0.003429430453138149,-7.035850092046436e-05
5.73,1.0122574423286348,-0.003424638099963044,-7.029041854803714e-05
5.735,1.0122403430656604,-0.00341985259490584,-7.022210261341949e-05
5.74,1.0122232676960277,-0.0034150739265265484,-7.015355268667062e-05
5.745,1.0122062161856107,-0.003410302083400192,-7.008476848539141e-05
5.75,1.01218918850034,-0.0034055370541175188,-7.001574985741887e-05
5.755,1.0121721846062035,-0.0034007788272856295,-6.99464967887746e-05
5.76,1.012155204469246,-0.003396027391528645,-6.987700939380809e-05
5.765,1.0121382480555685,-0.003391282735488321,-6.980728790899338e-05
5.7700000000000005,1.0121213153313293,-0.0033865448478246334,-6.97373326905941e-05
5.775,1.0121044062627433,-0.0033818137172163493,-6.966714421948947e-05
5.78,1.0120875208160816,-0.0033770893323616224,-6.959672308091622e-05
5.785,1.0120706589576716,-0.0033723716819784844,-6.952606997336075e-05
5.79,1.0120538206538976,-0.0033676607548053833,-6.945518570639422e-05
5.795,1.0120370058711996,-0.0033629565396017073,-6.938407118455697e-05
5.8,1.012020214576074,-0.0033582590251482274,-6.931272741631661e-05
5.805,1.0120034467350727,-0.0033535682002475867,-6.924115550175844e-05
5.8100000000000005,1.0119867023148041,-0.003348884053724724,-6.916935663811921e-05
5.815,1.011969981281932,-0.003344206574427328,-6.909733210768917e-05
5.82,1.011953283603176,-0.0033395357512262256,-6.902508327995965e-05
5.825,1.0119366092453108,-0.003334871573015786,-6.895261160688726e-05
5.83,1.0119199581751672,-0.0033302140287142967,-6.887991862170387e-05
5.835,1.011903330359631,-0.003325563107264334,-6.880700593423633e-05
5.84,1.0118867257656428,-0.0033209187976331084,-6.873387522288513e-05
5.845,1.0118701443601987,-0.003316281088812773,-6.866052824443941e-05
5.8500000000000005,1.0118535861103497,-0.003311649969820776,-6.858696681892942e-05
5.855,1.011837050983201,-0.0033070254297001395,-6.851319282903667e-05
5.86,1.0118205389459134,-0.0033024074575197346,-6.843920822656793e-05
5.865,1.0118040499657015,-0.0032977960423745878,-6.836501502118647e-05
5.87,1.0117875840098345,-0.003293191173386132,-6.829061527632158e-05
5.875,1.011771141045636,-0.0032885928397024342,-6.821601111603806e-05
5.88,1.0117547210404836,-0.003284001030498461,-6.814120471034663e-05
5.885,1.0117383239618087,-0.003279415734976265,-6.806619828216356e-05
5.89,1.0117219497770968,-0.0032748369423652116,-6.799099410004575e-05
5.8950000000000005,1.0117055984538872,-0.003270264641922164,-6.791559448165313e-05
5.9,1.0116892699597726,-0.003265698822931689,-6.784000178646638e-05
5.905,1.0116729642623992,-0.0032611394747062237,-6.776421841234517e-05
5.91,1.0116566813294663,-0.003256586586586226,-6.76882467956462e-05
5.915,1.0116404211287267,-0.003252040147940325,-6.761208941138616e-05
5.92,1.0116241836279858,-0.003247500148165471,-6.753574876633417e-05
5.925,1.0116079687951023,-0.003242966576687055,-6.7459227402894e-05
5.93,1.0115917765979874,-0.0032384394229590385,-6.738252789223464e-05
5.9350000000000005,1.0115756070046051,-0.003233918676464061,-6.730565283831133e-05
5.94,1.0115594599829716,-0.0032294043267135568,-6.722860486395657e-05
5.945,1.0115433355011554,-0.003224896363247806,-6.715138662231196e-05
5.95,1.0115272335272771,-0.003220394775636046,-6.707400078646494e-05
5.955,1.0115111540295099,-0.003215899553476524,-6.699645005741467e-05
5.96,1.0114950969760779,-0.0032114106863965963,-6.691873714661373e-05
5.965,1.0114790623352576,-0.0032069281640527345,-6.68408647912927e-05
5.97,1.011463050075377,-0.003202451976130612,-6.676283574066563e-05
5.9750000000000005,1.0114470601648153,-0.003197982112345119,-6.668465276400692e-05
5.98,1.0114310925720031,-0.0031935185624404213,-6.66063186371621e-05
5.985,1.0114151472654223,-0.0031890613161899466,-6.652783615423985e-05
5.99,1.0113992242136052,-0.0031846103633964328,-6.6449208114161e-05
5.995,1.0113833233851357,-0.0031801656938919088,-6.6370437332465e-05
